Date,Open,High,Low,Close,Adj Close,Volume
31-12-2013,1842.61,1849.44,1842.41,1848.36,1848.36,2312840000
30-12-2013,1841.47,1842.47,1838.77,1841.07,1841.07,2293860000
27-12-2013,1842.97,1844.89,1839.81,1841.4,1841.4,2052920000
26-12-2013,1834.96,1842.84,1834.96,1842.02,1842.02,1982270000
24-12-2013,1828.02,1833.32,1828.02,1833.32,1833.32,1307630000
23-12-2013,1822.92,1829.75,1822.92,1827.99,1827.99,2851540000
20-12-2013,1810.39,1823.75,1810.25,1818.32,1818.32,5097700000
19-12-2013,1809,1810.88,1801.35,1809.6,1809.6,3497210000
18-12-2013,1781.46,1811.08,1767.99,1810.65,1810.65,4327770000
17-12-2013,1786.47,1786.77,1777.05,1781,1781,3270030000
16-12-2013,1777.48,1792.22,1777.48,1786.54,1786.54,3209890000
13-12-2013,1777.98,1780.92,1772.45,1775.32,1775.32,3061070000
12/12/2013,1781.71,1782.99,1772.28,1775.5,1775.5,3306640000
11/12/2013,1802.76,1802.97,1780.09,1782.22,1782.22,3472240000
10/12/2013,1807.6,1808.52,1801.75,1802.62,1802.62,3117150000
9/12/2013,1806.21,1811.52,1806.21,1808.37,1808.37,3129500000
6/12/2013,1788.36,1806.04,1788.36,1805.09,1805.09,3150030000
5/12/2013,1792.82,1792.82,1783.38,1785.03,1785.03,3336880000
4/12/2013,1793.15,1799.8,1779.09,1792.81,1792.81,3610540000
3/12/2013,1800.1,1800.1,1787.85,1795.15,1795.15,3475680000
2/12/2013,1806.55,1810.02,1798.6,1800.9,1800.9,3095430000
29-11-2013,1808.69,1813.55,1803.98,1805.81,1805.81,1598300000
27-11-2013,1803.48,1808.27,1802.77,1807.23,1807.23,2613590000
26-11-2013,1802.87,1808.42,1800.77,1802.75,1802.75,3427120000
25-11-2013,1806.33,1808.1,1800.58,1802.48,1802.48,2998540000
22-11-2013,1797.21,1804.84,1794.7,1804.76,1804.76,3055140000
21-11-2013,1783.52,1797.16,1783.52,1795.85,1795.85,3256630000
20-11-2013,1789.59,1795.73,1777.23,1781.37,1781.37,3109140000
19-11-2013,1790.79,1795.51,1784.72,1787.87,1787.87,3224450000
18-11-2013,1798.82,1802.33,1788,1791.53,1791.53,3168520000
15-11-2013,1790.66,1798.22,1790.66,1798.18,1798.18,3254820000
14-11-2013,1782.75,1791.53,1780.22,1790.62,1790.62,3139060000
13-11-2013,1764.37,1782,1760.64,1782,1782,3327480000
12/11/2013,1769.51,1771.78,1762.29,1767.69,1767.69,3221030000
11/11/2013,1769.96,1773.44,1767.85,1771.89,1771.89,2534060000
8/11/2013,1748.37,1770.78,1747.63,1770.61,1770.61,3837170000
7/11/2013,1770.74,1774.54,1746.2,1747.15,1747.15,4143200000
6/11/2013,1765,1773.74,1764.4,1770.49,1770.49,3322100000
5/11/2013,1765.67,1767.03,1755.76,1762.97,1762.97,3516680000
4/11/2013,1763.4,1768.78,1761.56,1767.93,1767.93,3194870000
1/11/2013,1758.7,1765.67,1752.7,1761.64,1761.64,3686290000
31-10-2013,1763.24,1768.53,1755.72,1756.54,1756.54,3826530000
30-10-2013,1772.27,1775.22,1757.24,1763.31,1763.31,3523040000
29-10-2013,1762.93,1772.09,1762.93,1771.95,1771.95,3358460000
28-10-2013,1759.42,1764.99,1757.67,1762.11,1762.11,3282300000
25-10-2013,1756.01,1759.82,1752.45,1759.77,1759.77,3175720000
24-10-2013,1747.48,1753.94,1745.5,1752.07,1752.07,3671700000
23-10-2013,1752.27,1752.27,1740.5,1746.38,1746.38,3713380000
22-10-2013,1746.48,1759.33,1746.48,1754.67,1754.67,3850840000
21-10-2013,1745.2,1747.79,1740.67,1744.66,1744.66,3052710000
18-10-2013,1736.72,1745.31,1735.74,1744.5,1744.5,3664890000
17-10-2013,1720.17,1733.45,1714.12,1733.15,1733.15,3453590000
16-10-2013,1700.49,1721.76,1700.49,1721.54,1721.54,3486180000
15-10-2013,1709.17,1711.57,1695.93,1698.06,1698.06,3327740000
14-10-2013,1699.86,1711.03,1692.13,1710.14,1710.14,2580580000
11/10/2013,1691.09,1703.44,1688.52,1703.2,1703.2,2944670000
10/10/2013,1660.88,1692.56,1660.88,1692.56,1692.56,3362300000
9/10/2013,1656.99,1662.47,1646.47,1656.4,1656.4,3577840000
8/10/2013,1676.22,1676.79,1655.03,1655.45,1655.45,3569230000
7/10/2013,1687.15,1687.15,1674.7,1676.12,1676.12,2678490000
4/10/2013,1678.79,1691.94,1677.33,1690.5,1690.5,2880270000
3/10/2013,1692.35,1692.35,1670.36,1678.66,1678.66,3279650000
2/10/2013,1691.9,1693.87,1680.34,1693.87,1693.87,3148600000
1/10/2013,1682.41,1696.55,1682.07,1695,1695,3238690000
30-09-2013,1687.26,1687.26,1674.99,1681.55,1681.55,3308630000
27-09-2013,1695.52,1695.52,1687.11,1691.75,1691.75,2951700000
26-09-2013,1694.05,1703.85,1693.11,1698.67,1698.67,2813930000
25-09-2013,1698.02,1701.71,1691.88,1692.77,1692.77,3148730000
24-09-2013,1702.6,1707.63,1694.9,1697.42,1697.42,3268930000
23-09-2013,1711.44,1711.44,1697.1,1701.84,1701.84,3126950000
20-09-2013,1722.44,1725.23,1708.89,1709.91,1709.91,5074030000
19-09-2013,1727.34,1729.86,1720.2,1722.34,1722.34,3740130000
18-09-2013,1705.74,1729.44,1700.35,1725.52,1725.52,3989760000
17-09-2013,1697.73,1705.52,1697.73,1704.76,1704.76,2774240000
16-09-2013,1691.7,1704.95,1691.7,1697.6,1697.6,3079800000
13-09-2013,1685.04,1688.73,1682.22,1687.99,1687.99,2736500000
12/9/2013,1689.21,1689.97,1681.96,1683.42,1683.42,3106290000
11/9/2013,1681.04,1689.13,1678.7,1689.13,1689.13,3135460000
10/9/2013,1675.11,1684.09,1675.11,1683.99,1683.99,3691800000
9/9/2013,1656.85,1672.4,1656.85,1671.71,1671.71,3102780000
6/9/2013,1657.44,1664.83,1640.62,1655.17,1655.17,3123880000
5/9/2013,1653.28,1659.17,1653.07,1655.08,1655.08,2957110000
4/9/2013,1640.72,1655.72,1637.41,1653.08,1653.08,3312150000
3/9/2013,1635.95,1651.35,1633.41,1639.77,1639.77,3731610000
30-08-2013,1638.89,1640.08,1628.05,1632.97,1632.97,2734300000
29-08-2013,1633.5,1646.41,1630.88,1638.17,1638.17,2527550000
28-08-2013,1630.25,1641.18,1627.47,1634.96,1634.96,2784010000
27-08-2013,1652.54,1652.54,1629.05,1630.48,1630.48,3219190000
26-08-2013,1664.29,1669.51,1656.02,1656.78,1656.78,2430670000
23-08-2013,1659.92,1664.85,1654.81,1663.5,1663.5,2582670000
22-08-2013,1645.03,1659.55,1645.03,1656.96,1656.96,2537460000
21-08-2013,1650.66,1656.99,1639.43,1642.8,1642.8,2932180000
20-08-2013,1646.81,1658.92,1646.08,1652.35,1652.35,2994090000
19-08-2013,1655.25,1659.18,1645.84,1646.06,1646.06,2904530000
16-08-2013,1661.22,1663.6,1652.61,1655.83,1655.83,3211450000
15-08-2013,1679.61,1679.61,1658.59,1661.32,1661.32,3426690000
14-08-2013,1693.88,1695.52,1684.83,1685.39,1685.39,2871430000
13-08-2013,1690.65,1696.81,1682.62,1694.16,1694.16,3035560000
12/8/2013,1688.37,1691.49,1683.35,1689.47,1689.47,2789160000
9/8/2013,1696.1,1699.42,1686.02,1691.42,1691.42,2957670000
8/8/2013,1693.35,1700.18,1688.38,1697.48,1697.48,3271660000
7/8/2013,1695.3,1695.3,1684.91,1690.91,1690.91,3010230000
6/8/2013,1705.79,1705.79,1693.29,1697.37,1697.37,3141210000
5/8/2013,1708.01,1709.24,1703.55,1707.14,1707.14,2529300000
2/8/2013,1706.1,1709.67,1700.68,1709.67,1709.67,3136630000
1/8/2013,1689.42,1707.85,1689.42,1706.87,1706.87,3775170000
31-07-2013,1687.76,1698.43,1684.94,1685.73,1685.73,3847390000
30-07-2013,1687.92,1693.19,1682.42,1685.96,1685.96,3320530000
29-07-2013,1690.32,1690.92,1681.86,1685.33,1685.33,2840520000
26-07-2013,1687.31,1691.85,1676.03,1691.65,1691.65,2762770000
25-07-2013,1685.21,1690.94,1680.07,1690.25,1690.25,3322500000
24-07-2013,1696.06,1698.38,1682.57,1685.94,1685.94,3336120000
23-07-2013,1696.63,1698.78,1691.13,1692.39,1692.39,3096180000
22-07-2013,1694.41,1697.61,1690.67,1695.53,1695.53,2779130000
19-07-2013,1686.15,1692.09,1684.08,1692.09,1692.09,3302580000
18-07-2013,1681.05,1693.12,1681.05,1689.37,1689.37,3452370000
17-07-2013,1677.91,1684.75,1677.91,1680.91,1680.91,3153440000
16-07-2013,1682.7,1683.73,1671.84,1676.26,1676.26,3081710000
15-07-2013,1679.59,1684.51,1677.89,1682.5,1682.5,2623200000
12/7/2013,1675.26,1680.19,1672.33,1680.19,1680.19,3039070000
11/7/2013,1657.41,1676.63,1657.41,1675.02,1675.02,3446340000
10/7/2013,1651.56,1657.92,1647.66,1652.62,1652.62,3011010000
9/7/2013,1642.89,1654.18,1642.89,1652.32,1652.32,3155360000
8/7/2013,1634.2,1644.68,1634.2,1640.46,1640.46,3514590000
5/7/2013,1618.65,1632.07,1614.71,1631.89,1631.89,2634140000
3/7/2013,1611.48,1618.97,1604.57,1615.41,1615.41,1966050000
2/7/2013,1614.29,1624.26,1606.77,1614.08,1614.08,3317130000
1/7/2013,1609.78,1626.61,1609.78,1614.96,1614.96,3104690000
28-06-2013,1611.12,1615.94,1601.06,1606.28,1606.28,4977190000
27-06-2013,1606.44,1620.07,1606.44,1613.2,1613.2,3364540000
26-06-2013,1592.27,1606.83,1592.27,1603.26,1603.26,3558340000
25-06-2013,1577.52,1593.79,1577.09,1588.03,1588.03,3761170000
24-06-2013,1588.77,1588.77,1560.33,1573.09,1573.09,4733660000
21-06-2013,1588.62,1599.19,1577.7,1592.43,1592.43,5797280000
20-06-2013,1624.62,1624.62,1584.32,1588.19,1588.19,4858850000
19-06-2013,1651.83,1652.45,1628.91,1628.93,1628.93,3545060000
18-06-2013,1639.77,1654.19,1639.77,1651.81,1651.81,3120980000
17-06-2013,1630.64,1646.5,1630.34,1639.04,1639.04,3137080000
14-06-2013,1635.52,1640.8,1623.96,1626.73,1626.73,2939400000
13-06-2013,1612.15,1639.25,1608.07,1636.36,1636.36,3378620000
12/6/2013,1629.94,1637.71,1610.92,1612.52,1612.52,3202550000
11/6/2013,1638.64,1640.13,1622.92,1626.13,1626.13,3435710000
10/6/2013,1644.67,1648.69,1639.26,1642.81,1642.81,2978730000
7/6/2013,1625.27,1644.4,1625.27,1643.38,1643.38,3371990000
6/6/2013,1609.29,1622.56,1598.23,1622.56,1622.56,3547380000
5/6/2013,1629.05,1629.31,1607.09,1608.9,1608.9,3632350000
4/6/2013,1640.73,1646.53,1623.62,1631.38,1631.38,3653840000
3/6/2013,1631.71,1640.42,1622.72,1640.42,1640.42,3952070000
31-05-2013,1652.13,1658.99,1630.74,1630.74,1630.74,4099600000
30-05-2013,1649.14,1661.91,1648.61,1654.41,1654.41,3498620000
29-05-2013,1656.57,1656.57,1640.05,1648.36,1648.36,3587140000
28-05-2013,1652.63,1674.21,1652.63,1660.06,1660.06,3457400000
24-05-2013,1646.67,1649.78,1636.88,1649.6,1649.6,2758080000
23-05-2013,1651.62,1655.5,1635.53,1650.51,1650.51,3945510000
22-05-2013,1669.39,1687.18,1648.86,1655.35,1655.35,4361020000
21-05-2013,1666.2,1674.93,1662.67,1669.16,1669.16,3513560000
20-05-2013,1665.71,1672.84,1663.52,1666.29,1666.29,3275080000
17-05-2013,1652.45,1667.47,1652.45,1667.47,1667.47,3440710000
16-05-2013,1658.07,1660.51,1648.6,1650.47,1650.47,3513130000
15-05-2013,1649.13,1661.49,1646.68,1658.78,1658.78,3657440000
14-05-2013,1633.75,1651.1,1633.75,1650.34,1650.34,3457790000
13-05-2013,1632.1,1636,1626.74,1633.77,1633.77,2910600000
10/5/2013,1626.69,1633.7,1623.71,1633.7,1633.7,3086470000
9/5/2013,1632.69,1635.01,1623.09,1626.67,1626.67,3457400000
8/5/2013,1625.95,1632.78,1622.7,1632.69,1632.69,3554700000
7/5/2013,1617.55,1626.03,1616.64,1625.96,1625.96,3309580000
6/5/2013,1614.4,1619.77,1614.21,1617.5,1617.5,3062240000
3/5/2013,1597.6,1618.46,1597.6,1614.42,1614.42,3603910000
2/5/2013,1582.77,1598.6,1582.77,1597.59,1597.59,3366950000
1/5/2013,1597.55,1597.55,1581.28,1582.7,1582.7,3530320000
30-04-2013,1593.58,1597.57,1586.5,1597.57,1597.57,3745070000
29-04-2013,1582.34,1596.65,1582.34,1593.61,1593.61,2891200000
26-04-2013,1585.16,1585.78,1577.56,1582.24,1582.24,3198620000
25-04-2013,1578.93,1592.64,1578.93,1585.16,1585.16,3908580000
24-04-2013,1578.78,1583,1575.8,1578.79,1578.79,3598240000
23-04-2013,1562.5,1579.58,1562.5,1578.78,1578.78,3565150000
22-04-2013,1555.25,1565.55,1548.19,1562.5,1562.5,2979880000
19-04-2013,1541.61,1555.89,1539.4,1555.25,1555.25,3569870000
18-04-2013,1552.03,1554.38,1536.03,1541.61,1541.61,3890800000
17-04-2013,1574.57,1574.57,1543.69,1552.01,1552.01,4250310000
16-04-2013,1552.36,1575.35,1552.36,1574.57,1574.57,3654700000
15-04-2013,1588.84,1588.84,1552.28,1552.36,1552.36,4660130000
12/4/2013,1593.3,1593.3,1579.97,1588.85,1588.85,3206290000
11/4/2013,1587.73,1597.35,1586.17,1593.37,1593.37,3393950000
10/4/2013,1568.61,1589.07,1568.61,1587.73,1587.73,3453350000
9/4/2013,1563.11,1573.89,1560.92,1568.61,1568.61,3252780000
8/4/2013,1553.26,1563.07,1548.63,1563.07,1563.07,2887120000
5/4/2013,1559.98,1559.98,1539.5,1553.28,1553.28,3515410000
4/4/2013,1553.69,1562.6,1552.52,1559.98,1559.98,3350670000
3/4/2013,1570.25,1571.47,1549.8,1553.69,1553.69,4060610000
2/4/2013,1562.17,1573.66,1562.17,1570.25,1570.25,3312160000
1/4/2013,1569.18,1570.57,1558.47,1562.17,1562.17,2753110000
28-03-2013,1562.86,1570.28,1561.08,1569.19,1569.19,3304440000
27-03-2013,1563.75,1564.07,1551.9,1562.85,1562.85,2914210000
26-03-2013,1551.69,1563.95,1551.69,1563.77,1563.77,2869260000
25-03-2013,1556.89,1564.91,1546.22,1551.69,1551.69,3178170000
22-03-2013,1545.9,1557.74,1545.9,1556.89,1556.89,2948380000
21-03-2013,1558.71,1558.71,1543.55,1545.8,1545.8,3243270000
20-03-2013,1548.34,1561.56,1548.34,1558.71,1558.71,3349090000
19-03-2013,1552.1,1557.25,1538.57,1548.34,1548.34,3796210000
18-03-2013,1560.7,1560.7,1545.13,1552.1,1552.1,3164560000
15-03-2013,1563.21,1563.62,1555.74,1560.7,1560.7,5175850000
14-03-2013,1554.52,1563.32,1554.52,1563.23,1563.23,3459260000
13-03-2013,1552.48,1556.39,1548.25,1554.52,1554.52,3073830000
12/3/2013,1556.22,1556.77,1548.24,1552.48,1552.48,3274910000
11/3/2013,1551.15,1556.27,1547.36,1556.22,1556.22,3091080000
8/3/2013,1544.26,1552.48,1542.94,1551.18,1551.18,3652260000
7/3/2013,1541.46,1545.78,1541.46,1544.26,1544.26,3634710000
6/3/2013,1539.79,1545.25,1538.11,1541.46,1541.46,3676890000
5/3/2013,1525.2,1543.47,1525.2,1539.79,1539.79,3610690000
4/3/2013,1518.2,1525.27,1512.29,1525.2,1525.2,3414430000
1/3/2013,1514.68,1519.99,1501.48,1518.2,1518.2,3695610000
28-02-2013,1515.99,1525.34,1514.46,1514.68,1514.68,3912320000
27-02-2013,1496.94,1520.08,1494.88,1515.99,1515.99,3551850000
26-02-2013,1487.85,1498.99,1485.01,1496.94,1496.94,3975280000
25-02-2013,1515.6,1525.84,1487.85,1487.85,1487.85,4011050000
22-02-2013,1502.42,1515.64,1502.42,1515.6,1515.6,3419320000
21-02-2013,1511.95,1511.95,1497.29,1502.42,1502.42,4274600000
20-02-2013,1530.94,1530.94,1511.41,1511.95,1511.95,4240570000
19-02-2013,1519.79,1530.94,1519.79,1530.94,1530.94,3748910000
15-02-2013,1521.38,1524.24,1514.14,1519.79,1519.79,3838510000
14-02-2013,1520.33,1523.14,1514.02,1521.38,1521.38,3759740000
13-02-2013,1519.43,1524.69,1515.93,1520.33,1520.33,3385880000
12/2/2013,1517.01,1522.29,1515.61,1519.43,1519.43,3414370000
11/2/2013,1517.93,1518.31,1513.61,1517.01,1517.01,2684100000
8/2/2013,1509.39,1518.31,1509.39,1517.93,1517.93,2986150000
7/2/2013,1512.12,1512.9,1498.49,1509.39,1509.39,3614580000
6/2/2013,1511.29,1512.53,1504.71,1512.12,1512.12,3611570000
5/2/2013,1495.71,1514.96,1495.71,1511.29,1511.29,3618360000
4/2/2013,1513.17,1513.17,1495.02,1495.71,1495.71,3390000000
1/2/2013,1498.11,1514.41,1498.11,1513.17,1513.17,3836320000
31-01-2013,1501.96,1504.19,1496.76,1498.11,1498.11,3999880000
30-01-2013,1507.84,1509.94,1500.11,1501.96,1501.96,3726810000
29-01-2013,1500.18,1509.35,1498.09,1507.84,1507.84,3949640000
28-01-2013,1502.96,1503.23,1496.33,1500.18,1500.18,3388540000
25-01-2013,1494.82,1503.26,1494.82,1502.96,1502.96,3476290000
24-01-2013,1494.81,1502.27,1489.46,1494.82,1494.82,3699430000
23-01-2013,1492.56,1496.13,1489.9,1494.81,1494.81,3552010000
22-01-2013,1485.98,1492.56,1481.16,1492.56,1492.56,3570950000
18-01-2013,1480.95,1485.98,1475.81,1485.98,1485.98,3795740000
17-01-2013,1472.63,1485.16,1472.63,1480.94,1480.94,3706710000
16-01-2013,1472.33,1473.96,1467.6,1472.63,1472.63,3384080000
15-01-2013,1470.67,1473.31,1463.76,1472.34,1472.34,3135350000
14-01-2013,1472.05,1472.05,1465.69,1470.68,1470.68,3003010000
11/1/2013,1472.12,1472.75,1467.58,1472.05,1472.05,3340650000
10/1/2013,1461.02,1472.3,1461.02,1472.12,1472.12,4081840000
9/1/2013,1457.15,1464.73,1457.15,1461.02,1461.02,3674390000
8/1/2013,1461.89,1461.89,1451.64,1457.15,1457.15,3601600000
7/1/2013,1466.47,1466.47,1456.62,1461.89,1461.89,3304970000
4/1/2013,1459.37,1467.94,1458.99,1466.47,1466.47,3424290000
3/1/2013,1462.42,1465.47,1455.53,1459.37,1459.37,3829730000
2/1/2013,1426.19,1462.43,1426.19,1462.42,1462.42,4202600000
31-12-2012,1402.43,1426.74,1398.11,1426.19,1426.19,3204330000
28-12-2012,1418.1,1418.1,1401.58,1402.43,1402.43,2426680000
27-12-2012,1419.83,1422.8,1401.8,1418.1,1418.1,2830180000
26-12-2012,1426.66,1429.42,1416.43,1419.83,1419.83,2285030000
24-12-2012,1430.15,1430.15,1424.66,1426.66,1426.66,1248960000
21-12-2012,1443.67,1443.67,1422.58,1430.15,1430.15,5229160000
20-12-2012,1435.81,1443.7,1432.82,1443.69,1443.69,3686580000
19-12-2012,1446.79,1447.75,1435.8,1435.81,1435.81,3869800000
18-12-2012,1430.47,1448,1430.47,1446.79,1446.79,4302240000
17-12-2012,1413.54,1430.67,1413.54,1430.36,1430.36,3455610000
14-12-2012,1419.45,1419.45,1411.88,1413.58,1413.58,3210170000
13-12-2012,1428.48,1431.36,1416,1419.45,1419.45,3349960000
12/12/2012,1427.84,1438.59,1426.76,1428.48,1428.48,3709050000
11/12/2012,1418.55,1434.27,1418.55,1427.84,1427.84,3650230000
10/12/2012,1418.07,1421.64,1415.64,1418.55,1418.55,2999430000
7/12/2012,1413.95,1420.34,1410.9,1418.07,1418.07,3125160000
6/12/2012,1409.43,1413.95,1405.93,1413.94,1413.94,3229700000
5/12/2012,1407.05,1415.56,1398.23,1409.28,1409.28,4253920000
4/12/2012,1409.46,1413.14,1403.65,1407.05,1407.05,3247710000
3/12/2012,1416.34,1423.73,1408.46,1409.46,1409.46,3074280000
30-11-2012,1415.95,1418.86,1411.63,1416.18,1416.18,3966000000
29-11-2012,1409.96,1419.7,1409.04,1415.95,1415.95,3356850000
28-11-2012,1398.77,1410.31,1385.43,1409.93,1409.93,3359250000
27-11-2012,1406.29,1409.01,1398.03,1398.94,1398.94,3323120000
26-11-2012,1409.15,1409.15,1397.68,1406.29,1406.29,2948960000
23-11-2012,1391.03,1409.16,1391.03,1409.15,1409.15,1504960000
21-11-2012,1387.79,1391.25,1386.39,1391.03,1391.03,2667090000
20-11-2012,1386.82,1389.77,1377.04,1387.81,1387.81,3207160000
19-11-2012,1359.88,1386.89,1359.88,1386.89,1386.89,3374800000
16-11-2012,1353.36,1362.03,1343.35,1359.88,1359.88,4045910000
15-11-2012,1355.41,1360.62,1348.05,1353.33,1353.33,3928870000
14-11-2012,1374.64,1380.13,1352.5,1355.49,1355.49,4109510000
13-11-2012,1380.03,1388.81,1371.39,1374.53,1374.53,3455550000
12/11/2012,1379.86,1384.87,1377.19,1380.03,1380.03,2567540000
9/11/2012,1377.55,1391.39,1373.03,1379.85,1379.85,3647350000
8/11/2012,1394.53,1401.23,1377.51,1377.51,1377.51,3779520000
7/11/2012,1428.27,1428.27,1388.14,1394.53,1394.53,4356490000
6/11/2012,1417.26,1433.38,1417.26,1428.39,1428.39,3306970000
5/11/2012,1414.02,1419.9,1408.13,1417.26,1417.26,2921040000
2/11/2012,1427.59,1434.27,1412.91,1414.2,1414.2,3732480000
1/11/2012,1412.2,1428.35,1412.2,1427.59,1427.59,3929890000
31-10-2012,1410.99,1418.76,1405.95,1412.16,1412.16,3577110000
26-10-2012,1412.97,1417.09,1403.28,1411.94,1411.94,3284910000
25-10-2012,1409.74,1421.12,1405.14,1412.97,1412.97,3512640000
24-10-2012,1413.2,1420.04,1407.1,1408.75,1408.75,3385970000
23-10-2012,1433.74,1433.74,1407.56,1413.11,1413.11,3587670000
22-10-2012,1433.21,1435.46,1422.06,1433.82,1433.82,3216220000
19-10-2012,1457.34,1457.34,1429.85,1433.19,1433.19,3875170000
18-10-2012,1460.94,1464.02,1452.63,1457.34,1457.34,3880030000
17-10-2012,1454.22,1462.2,1453.35,1460.91,1460.91,3655320000
16-10-2012,1440.31,1455.51,1440.31,1454.92,1454.92,3568770000
15-10-2012,1428.75,1441.31,1427.24,1440.13,1440.13,3483810000
12/10/2012,1432.84,1438.43,1425.53,1428.59,1428.59,3134750000
11/10/2012,1432.82,1443.9,1432.82,1432.84,1432.84,3672540000
10/10/2012,1441.48,1442.52,1430.64,1432.56,1432.56,3225060000
9/10/2012,1455.9,1455.9,1441.18,1441.48,1441.48,3216320000
8/10/2012,1460.93,1460.93,1453.1,1455.88,1455.88,2328720000
5/10/2012,1461.4,1470.96,1456.89,1460.93,1460.93,3172940000
4/10/2012,1451.08,1463.14,1451.08,1461.4,1461.4,3615860000
3/10/2012,1446.05,1454.3,1441.99,1450.99,1450.99,3531640000
2/10/2012,1444.99,1451.52,1439.01,1445.75,1445.75,3321790000
1/10/2012,1440.9,1457.14,1440.9,1444.49,1444.49,3505080000
28-09-2012,1447.13,1447.13,1435.6,1440.67,1440.67,3509230000
27-09-2012,1433.36,1450.2,1433.36,1447.15,1447.15,3150330000
26-09-2012,1441.6,1441.6,1430.53,1433.32,1433.32,3565380000
25-09-2012,1456.94,1463.24,1441.59,1441.59,1441.59,3739900000
24-09-2012,1459.76,1460.72,1452.06,1456.89,1456.89,3008920000
21-09-2012,1460.34,1467.07,1459.51,1460.15,1460.15,4833870000
20-09-2012,1461.05,1461.23,1449.98,1460.26,1460.26,3382520000
19-09-2012,1459.5,1465.15,1457.88,1461.05,1461.05,3451360000
18-09-2012,1461.19,1461.47,1456.13,1459.32,1459.32,3377390000
17-09-2012,1465.42,1465.63,1457.55,1461.19,1461.19,3482430000
14-09-2012,1460.07,1474.51,1460.07,1465.77,1465.77,5041990000
13-09-2012,1436.56,1463.76,1435.34,1459.99,1459.99,4606550000
12/9/2012,1433.56,1439.15,1432.99,1436.56,1436.56,3641200000
11/9/2012,1429.13,1437.76,1429.13,1433.56,1433.56,3509630000
10/9/2012,1437.92,1438.74,1428.98,1429.08,1429.08,3223670000
7/9/2012,1432.12,1437.92,1431.45,1437.92,1437.92,3717620000
6/9/2012,1403.74,1432.12,1403.74,1432.12,1432.12,3952870000
5/9/2012,1404.94,1408.81,1401.25,1403.44,1403.44,3389110000
4/9/2012,1406.54,1409.31,1396.56,1404.94,1404.94,3200310000
31-08-2012,1400.07,1413.09,1398.96,1406.58,1406.58,2938250000
30-08-2012,1410.08,1410.08,1397.01,1399.48,1399.48,2530280000
29-08-2012,1409.32,1413.95,1406.57,1410.49,1410.49,2571220000
28-08-2012,1410.44,1413.63,1405.59,1409.3,1409.3,2629090000
27-08-2012,1411.13,1416.17,1409.11,1410.44,1410.44,2472500000
24-08-2012,1401.99,1413.46,1398.04,1411.13,1411.13,2598790000
23-08-2012,1413.49,1413.49,1400.5,1402.08,1402.08,3008240000
22-08-2012,1413.09,1416.12,1406.78,1413.49,1413.49,3062690000
21-08-2012,1418.13,1426.68,1410.86,1413.17,1413.17,3282950000
20-08-2012,1417.85,1418.13,1412.12,1418.13,1418.13,2766320000
17-08-2012,1415.84,1418.71,1414.67,1418.16,1418.16,2922990000
16-08-2012,1405.57,1417.44,1404.15,1415.51,1415.51,3114100000
15-08-2012,1403.89,1407.73,1401.83,1405.53,1405.53,2655750000
14-08-2012,1404.36,1410.03,1400.6,1403.93,1403.93,2930900000
13-08-2012,1405.87,1405.87,1397.32,1404.11,1404.11,2499990000
10/8/2012,1402.58,1405.98,1395.62,1405.87,1405.87,2767980000
9/8/2012,1402.26,1405.95,1398.8,1402.8,1402.8,3119610000
8/8/2012,1401.23,1404.14,1396.13,1402.22,1402.22,3221790000
7/8/2012,1394.46,1407.14,1394.46,1401.35,1401.35,3682490000
6/8/2012,1391.04,1399.63,1391.04,1394.23,1394.23,3122050000
3/8/2012,1365.45,1394.16,1365.45,1390.99,1390.99,3751170000
2/8/2012,1375.13,1375.13,1354.65,1365,1365,4193740000
1/8/2012,1379.32,1385.03,1373.35,1375.32,1375.32,4440920000
31-07-2012,1385.27,1387.16,1379.17,1379.32,1379.32,3821570000
30-07-2012,1385.94,1391.74,1381.37,1385.3,1385.3,3212060000
27-07-2012,1360.05,1389.19,1360.05,1385.97,1385.97,4399010000
26-07-2012,1338.17,1363.13,1338.17,1360.02,1360.02,4429300000
25-07-2012,1338.35,1343.98,1331.5,1337.89,1337.89,3719170000
24-07-2012,1350.52,1351.53,1329.24,1338.31,1338.31,3891290000
23-07-2012,1362.34,1362.34,1337.56,1350.52,1350.52,3717180000
20-07-2012,1376.51,1376.51,1362.19,1362.66,1362.66,3925020000
19-07-2012,1373.01,1380.39,1371.21,1376.51,1376.51,4043360000
18-07-2012,1363.58,1375.26,1358.96,1372.78,1372.78,3642630000
17-07-2012,1353.68,1365.36,1345.07,1363.67,1363.67,3566680000
16-07-2012,1356.5,1357.26,1348.51,1353.64,1353.64,2862720000
13-07-2012,1334.81,1357.7,1334.81,1356.78,1356.78,3212930000
12/7/2012,1341.29,1341.29,1325.41,1334.76,1334.76,3654440000
11/7/2012,1341.4,1345,1333.25,1341.45,1341.45,3426290000
10/7/2012,1352.96,1361.54,1336.27,1341.47,1341.47,3470600000
9/7/2012,1354.66,1354.87,1346.65,1352.46,1352.46,2904860000
6/7/2012,1367.09,1367.09,1348.03,1354.68,1354.68,2745140000
5/7/2012,1373.72,1373.85,1363.02,1367.58,1367.58,3041520000
3/7/2012,1365.75,1374.81,1363.53,1374.02,1374.02,2116390000
2/7/2012,1362.33,1366.35,1355.7,1365.51,1365.51,3301650000
29-06-2012,1330.12,1362.17,1330.12,1362.16,1362.16,4590480000
28-06-2012,1331.52,1331.52,1313.29,1329.04,1329.04,3969370000
27-06-2012,1320.71,1334.4,1320.71,1331.85,1331.85,3286910000
26-06-2012,1314.09,1324.24,1310.3,1319.99,1319.99,3412940000
25-06-2012,1334.9,1334.9,1309.27,1313.72,1313.72,3501820000
22-06-2012,1325.92,1337.82,1325.92,1335.02,1335.02,5271490000
21-06-2012,1355.43,1358.27,1324.41,1325.51,1325.51,4094470000
20-06-2012,1358.04,1361.57,1346.45,1355.69,1355.69,3695700000
19-06-2012,1344.83,1363.46,1344.83,1357.98,1357.98,3815350000
18-06-2012,1342.42,1348.22,1334.46,1344.78,1344.78,3259430000
15-06-2012,1329.19,1343.32,1329.19,1342.84,1342.84,4401570000
14-06-2012,1314.88,1333.68,1314.14,1329.1,1329.1,3687720000
13-06-2012,1324.02,1327.28,1310.51,1314.88,1314.88,3506510000
12/6/2012,1309.4,1324.31,1306.62,1324.18,1324.18,3442920000
11/6/2012,1325.72,1335.52,1307.73,1308.93,1308.93,3537530000
8/6/2012,1314.99,1325.81,1307.77,1325.66,1325.66,3497190000
7/6/2012,1316.15,1329.05,1312.68,1314.99,1314.99,4258140000
6/6/2012,1285.61,1315.13,1285.61,1315.13,1315.13,4268360000
5/6/2012,1277.82,1287.62,1274.16,1285.5,1285.5,3403230000
4/6/2012,1278.29,1282.55,1266.74,1278.18,1278.18,4011960000
1/6/2012,1309.87,1309.87,1277.25,1278.04,1278.04,4669350000
31-05-2012,1313.09,1319.74,1298.9,1310.33,1310.33,4557620000
30-05-2012,1331.25,1331.25,1310.76,1313.32,1313.32,3534290000
29-05-2012,1318.9,1334.93,1318.9,1332.42,1332.42,3441640000
25-05-2012,1320.81,1324.2,1314.23,1317.82,1317.82,2872660000
24-05-2012,1318.72,1324.14,1310.5,1320.68,1320.68,3937670000
23-05-2012,1316.02,1320.71,1296.53,1318.86,1318.86,4108330000
22-05-2012,1316.09,1328.49,1310.04,1316.63,1316.63,4123680000
21-05-2012,1295.73,1316.39,1295.73,1315.99,1315.99,3786750000
18-05-2012,1305.05,1312.24,1291.98,1295.22,1295.22,4512470000
17-05-2012,1324.82,1326.36,1304.86,1304.86,1304.86,4664280000
16-05-2012,1330.78,1341.78,1324.79,1324.8,1324.8,4280420000
15-05-2012,1338.36,1344.94,1328.41,1330.66,1330.66,4114040000
14-05-2012,1351.93,1351.93,1336.61,1338.35,1338.35,3688120000
11/5/2012,1358.11,1365.66,1348.89,1353.39,1353.39,3869070000
10/5/2012,1354.58,1365.88,1354.58,1357.99,1357.99,3727990000
9/5/2012,1363.2,1363.73,1343.13,1354.58,1354.58,4288540000
8/5/2012,1369.16,1369.16,1347.75,1363.72,1363.72,4261670000
7/5/2012,1368.79,1373.91,1363.94,1369.58,1369.58,3559390000
4/5/2012,1391.51,1391.51,1367.96,1369.1,1369.1,3975140000
3/5/2012,1402.32,1403.07,1388.71,1391.57,1391.57,4004910000
2/5/2012,1405.5,1405.5,1393.92,1402.31,1402.31,3803860000
1/5/2012,1397.86,1415.32,1395.73,1405.82,1405.82,3807950000
30-04-2012,1403.26,1403.26,1394,1397.91,1397.91,3574010000
27-04-2012,1400.19,1406.64,1397.31,1403.36,1403.36,3645830000
26-04-2012,1390.64,1402.09,1387.28,1399.98,1399.98,4034700000
25-04-2012,1372.11,1391.37,1372.11,1390.69,1390.69,3998430000
24-04-2012,1366.97,1375.57,1366.82,1371.97,1371.97,3617100000
23-04-2012,1378.53,1378.53,1358.79,1366.94,1366.94,3654860000
20-04-2012,1376.96,1387.4,1376.96,1378.53,1378.53,3833320000
19-04-2012,1385.08,1390.46,1370.3,1376.92,1376.92,4180020000
18-04-2012,1390.78,1390.78,1383.29,1385.14,1385.14,3463140000
17-04-2012,1369.57,1392.76,1369.57,1390.78,1390.78,3456200000
16-04-2012,1370.27,1379.66,1365.38,1369.57,1369.57,3574780000
13-04-2012,1387.61,1387.61,1369.85,1370.26,1370.26,3631160000
12/4/2012,1368.77,1388.13,1368.77,1387.57,1387.57,3618280000
11/4/2012,1358.98,1374.71,1358.98,1368.71,1368.71,3743040000
10/4/2012,1382.18,1383.01,1357.38,1358.59,1358.59,4631730000
9/4/2012,1397.45,1397.45,1378.24,1382.2,1382.2,3468980000
5/4/2012,1398.79,1401.6,1392.92,1398.08,1398.08,3303740000
4/4/2012,1413.09,1413.09,1394.09,1398.96,1398.96,3938290000
3/4/2012,1418.98,1419,1404.62,1413.38,1413.38,3822090000
2/4/2012,1408.47,1422.38,1404.46,1419.04,1419.04,3572010000
30-03-2012,1403.31,1410.89,1401.42,1408.47,1408.47,3676890000
29-03-2012,1405.39,1405.39,1391.56,1403.28,1403.28,3832000000
28-03-2012,1412.52,1413.65,1397.2,1405.54,1405.54,3892800000
27-03-2012,1416.55,1419.15,1411.95,1412.52,1412.52,3513640000
26-03-2012,1397.11,1416.58,1397.11,1416.51,1416.51,3576950000
23-03-2012,1392.78,1399.18,1386.87,1397.11,1397.11,3472950000
22-03-2012,1402.89,1402.89,1388.73,1392.78,1392.78,3740590000
21-03-2012,1405.52,1407.75,1400.64,1402.89,1402.89,3573590000
20-03-2012,1409.59,1409.59,1397.68,1405.52,1405.52,3695280000
19-03-2012,1404.17,1414,1402.43,1409.75,1409.75,3932570000
16-03-2012,1402.55,1405.88,1401.47,1404.17,1404.17,5163950000
15-03-2012,1394.17,1402.63,1392.78,1402.6,1402.6,4271650000
14-03-2012,1395.95,1399.42,1389.97,1394.28,1394.28,4502280000
13-03-2012,1371.92,1396.13,1371.92,1395.95,1395.95,4386470000
12/3/2012,1370.78,1373.04,1366.69,1371.09,1371.09,3081870000
9/3/2012,1365.97,1374.76,1365.97,1370.87,1370.87,3639470000
8/3/2012,1352.65,1368.72,1352.65,1365.91,1365.91,3543060000
7/3/2012,1343.39,1354.85,1343.39,1352.63,1352.63,3580380000
6/3/2012,1363.63,1363.63,1340.03,1343.36,1343.36,4191060000
5/3/2012,1369.59,1369.59,1359.13,1364.33,1364.33,3429480000
2/3/2012,1374.09,1374.53,1366.42,1369.63,1369.63,3283490000
1/3/2012,1365.9,1376.17,1365.9,1374.09,1374.09,3919240000
29-02-2012,1372.2,1378.04,1363.81,1365.68,1365.68,4482370000
28-02-2012,1367.56,1373.09,1365.97,1372.18,1372.18,3579120000
27-02-2012,1365.2,1371.94,1354.92,1367.59,1367.59,3648890000
24-02-2012,1363.46,1368.92,1363.46,1365.74,1365.74,3505360000
23-02-2012,1357.53,1364.24,1352.28,1363.46,1363.46,3786450000
22-02-2012,1362.11,1362.7,1355.53,1357.66,1357.66,3633710000
21-02-2012,1361.22,1367.76,1358.11,1362.21,1362.21,3795200000
17-02-2012,1358.06,1363.4,1357.24,1361.23,1361.23,3717640000
16-02-2012,1342.61,1359.02,1341.22,1358.04,1358.04,4108880000
15-02-2012,1350.52,1355.87,1340.8,1343.23,1343.23,4080340000
14-02-2012,1351.3,1351.3,1340.83,1350.5,1350.5,3889520000
13-02-2012,1343.06,1353.35,1343.06,1351.77,1351.77,3618040000
10/2/2012,1351.21,1351.21,1337.35,1342.64,1342.64,3877580000
9/2/2012,1349.97,1354.32,1344.63,1351.95,1351.95,4209890000
8/2/2012,1347.04,1351,1341.95,1349.96,1349.96,4096730000
7/2/2012,1344.33,1349.24,1335.92,1347.05,1347.05,3742460000
6/2/2012,1344.32,1344.36,1337.52,1344.33,1344.33,3379700000
3/2/2012,1326.21,1345.34,1326.21,1344.9,1344.9,4608550000
2/2/2012,1324.24,1329.19,1321.57,1325.54,1325.54,4120920000
1/2/2012,1312.45,1330.52,1312.45,1324.09,1324.09,4504360000
31-01-2012,1313.53,1321.41,1306.69,1312.41,1312.41,4235550000
30-01-2012,1316.16,1316.16,1300.49,1313.01,1313.01,3659010000
27-01-2012,1318.25,1320.06,1311.72,1316.33,1316.33,4007380000
26-01-2012,1326.28,1333.47,1313.6,1318.43,1318.43,4522070000
25-01-2012,1314.4,1328.3,1307.65,1326.06,1326.06,4410910000
24-01-2012,1315.96,1315.96,1306.06,1314.65,1314.65,3693560000
23-01-2012,1315.29,1322.28,1309.89,1316,1316,3770910000
20-01-2012,1314.49,1315.38,1309.17,1315.38,1315.38,3912620000
19-01-2012,1308.07,1315.49,1308.07,1314.5,1314.5,4465890000
18-01-2012,1293.65,1308.11,1290.99,1308.04,1308.04,4096160000
17-01-2012,1290.22,1303,1290.22,1293.67,1293.67,4010490000
13-01-2012,1294.82,1294.82,1277.58,1289.09,1289.09,3692370000
12/1/2012,1292.48,1296.82,1285.77,1295.5,1295.5,4019890000
11/1/2012,1292.02,1293.8,1285.41,1292.48,1292.48,3968120000
10/1/2012,1280.77,1296.46,1280.77,1292.08,1292.08,4221960000
9/1/2012,1277.83,1281.99,1274.55,1280.7,1280.7,3371600000
6/1/2012,1280.93,1281.84,1273.34,1277.81,1277.81,3656830000
5/1/2012,1277.3,1283.05,1265.26,1281.06,1281.06,4315950000
4/1/2012,1277.03,1278.73,1268.1,1277.3,1277.3,3592580000
3/1/2012,1258.86,1284.62,1258.86,1277.06,1277.06,3943710000
30-12-2011,1262.82,1264.12,1257.46,1257.6,1257.6,2271850000
29-12-2011,1249.75,1263.54,1249.75,1263.02,1263.02,2278130000
28-12-2011,1265.38,1265.85,1248.64,1249.64,1249.64,2349980000
27-12-2011,1265.02,1269.37,1262.3,1265.43,1265.43,2130590000
23-12-2011,1254,1265.42,1254,1265.33,1265.33,2233830000
22-12-2011,1243.72,1255.22,1243.72,1254,1254,3492250000
21-12-2011,1241.25,1245.09,1229.51,1243.72,1243.72,2959020000
20-12-2011,1205.72,1242.82,1205.72,1241.3,1241.3,4055590000
19-12-2011,1219.74,1224.57,1202.37,1205.35,1205.35,3659820000
16-12-2011,1216.09,1231.04,1215.2,1219.66,1219.66,5345800000
15-12-2011,1212.12,1225.6,1212.12,1215.75,1215.75,3810340000
14-12-2011,1225.73,1225.73,1209.47,1211.82,1211.82,4298290000
13-12-2011,1236.83,1249.86,1219.43,1225.73,1225.73,4121570000
12/12/2011,1255.05,1255.05,1227.25,1236.47,1236.47,3600570000
9/12/2011,1234.48,1258.25,1234.48,1255.19,1255.19,3830610000
8/12/2011,1260.87,1260.87,1231.47,1234.35,1234.35,4298370000
7/12/2011,1258.14,1267.06,1244.8,1261.01,1261.01,4160540000
6/12/2011,1257.19,1266.03,1253.03,1258.47,1258.47,3734230000
5/12/2011,1244.33,1266.73,1244.33,1257.08,1257.08,4148060000
2/12/2011,1246.03,1260.08,1243.35,1244.28,1244.28,4144310000
1/12/2011,1246.91,1251.09,1239.73,1244.58,1244.58,3818680000
30-11-2011,1196.72,1247.11,1196.72,1246.96,1246.96,5801910000
29-11-2011,1192.56,1203.67,1191.8,1195.19,1195.19,3992650000
28-11-2011,1158.67,1197.35,1158.67,1192.55,1192.55,3920750000
25-11-2011,1161.41,1172.66,1158.66,1158.67,1158.67,1664200000
23-11-2011,1187.48,1187.48,1161.79,1161.79,1161.79,3798940000
22-11-2011,1192.98,1196.81,1181.65,1188.04,1188.04,3911710000
21-11-2011,1215.62,1215.62,1183.16,1192.98,1192.98,4050070000
18-11-2011,1216.19,1223.51,1211.36,1215.65,1215.65,3827610000
17-11-2011,1236.56,1237.73,1209.43,1216.13,1216.13,4596450000
16-11-2011,1257.81,1259.61,1235.67,1236.91,1236.91,4085010000
15-11-2011,1251.7,1264.25,1244.34,1257.81,1257.81,3599300000
14-11-2011,1263.85,1263.85,1246.68,1251.78,1251.78,3219680000
11/11/2011,1240.12,1266.98,1240.12,1263.85,1263.85,3370180000
10/11/2011,1229.59,1246.22,1227.7,1239.7,1239.7,4002760000
9/11/2011,1275.18,1275.18,1226.64,1229.1,1229.1,4659740000
8/11/2011,1261.12,1277.55,1254.99,1275.92,1275.92,3908490000
7/11/2011,1253.21,1261.7,1240.75,1261.12,1261.12,3429740000
4/11/2011,1260.82,1260.82,1238.92,1253.23,1253.23,3830650000
3/11/2011,1238.25,1263.21,1234.81,1261.15,1261.15,4849140000
2/11/2011,1219.62,1242.48,1219.62,1237.9,1237.9,4110530000
1/11/2011,1251,1251,1215.42,1218.28,1218.28,5645540000
31-10-2011,1284.96,1284.96,1253.16,1253.3,1253.3,4310210000
28-10-2011,1284.39,1287.08,1277.01,1285.09,1285.09,4536690000
27-10-2011,1243.97,1292.66,1243.97,1284.59,1284.59,6367610000
26-10-2011,1229.17,1246.28,1221.06,1242,1242,4873530000
25-10-2011,1254.19,1254.19,1226.79,1229.05,1229.05,4473970000
24-10-2011,1238.72,1256.55,1238.72,1254.19,1254.19,4309380000
21-10-2011,1215.39,1239.03,1215.39,1238.25,1238.25,4980770000
20-10-2011,1209.92,1219.53,1197.34,1215.39,1215.39,4870290000
19-10-2011,1223.46,1229.64,1206.31,1209.88,1209.88,4846390000
18-10-2011,1200.75,1233.1,1191.48,1225.38,1225.38,4840170000
17-10-2011,1224.47,1224.47,1198.55,1200.86,1200.86,4300700000
14-10-2011,1205.65,1224.61,1205.65,1224.58,1224.58,4116690000
13-10-2011,1206.96,1207.46,1190.58,1203.66,1203.66,4436270000
12/10/2011,1196.19,1220.25,1196.19,1207.25,1207.25,5355360000
11/10/2011,1194.6,1199.24,1187.3,1195.54,1195.54,4424500000
10/10/2011,1158.15,1194.91,1158.15,1194.89,1194.89,4446800000
7/10/2011,1165.03,1171.4,1150.26,1155.46,1155.46,5580380000
6/10/2011,1144.11,1165.55,1134.95,1164.97,1164.97,5098330000
5/10/2011,1124.03,1146.07,1115.68,1144.03,1144.03,2510620000
4/10/2011,1097.42,1125.12,1074.77,1123.95,1123.95,3714670000
3/10/2011,1131.21,1138.99,1098.92,1099.23,1099.23,5670340000
30-09-2011,1159.93,1159.93,1131.34,1131.42,1131.42,4416790000
29-09-2011,1151.74,1175.87,1139.93,1160.4,1160.4,5285740000
28-09-2011,1175.39,1184.71,1150.4,1151.06,1151.06,4787920000
27-09-2011,1163.32,1195.86,1163.32,1175.38,1175.38,5548130000
26-09-2011,1136.91,1164.19,1131.07,1162.95,1162.95,4762830000
23-09-2011,1128.82,1141.72,1121.36,1136.43,1136.43,5639930000
22-09-2011,1164.55,1164.55,1114.22,1129.56,1129.56,6703140000
21-09-2011,1203.63,1206.3,1166.21,1166.76,1166.76,4728550000
20-09-2011,1204.5,1220.39,1201.29,1202.09,1202.09,4315610000
19-09-2011,1214.99,1214.99,1188.36,1204.09,1204.09,4254190000
16-09-2011,1209.21,1220.06,1204.46,1216.01,1216.01,5248890000
15-09-2011,1189.44,1209.11,1189.44,1209.11,1209.11,4479730000
14-09-2011,1173.32,1202.38,1162.73,1188.68,1188.68,4986740000
13-09-2011,1162.59,1176.41,1157.44,1172.87,1172.87,4681370000
12/9/2011,1153.5,1162.52,1136.07,1162.27,1162.27,5168550000
9/9/2011,1185.37,1185.37,1148.37,1154.23,1154.23,4586370000
8/9/2011,1197.98,1204.4,1183.34,1185.9,1185.9,4465170000
7/9/2011,1165.85,1198.62,1165.85,1198.62,1198.62,4441040000
6/9/2011,1173.97,1173.97,1140.13,1165.24,1165.24,5103980000
2/9/2011,1203.9,1203.9,1170.56,1173.97,1173.97,4401740000
1/9/2011,1219.12,1229.29,1203.85,1204.42,1204.42,4780410000
31-08-2011,1213,1230.71,1209.35,1218.89,1218.89,5267840000
30-08-2011,1209.76,1220.1,1195.77,1212.92,1212.92,4572570000
29-08-2011,1177.91,1210.28,1177.91,1210.08,1210.08,4228070000
26-08-2011,1158.85,1181.23,1135.91,1176.8,1176.8,5035320000
25-08-2011,1176.69,1190.68,1155.47,1159.27,1159.27,5748420000
24-08-2011,1162.16,1178.56,1156.3,1177.6,1177.6,5315310000
23-08-2011,1124.36,1162.35,1124.36,1162.35,1162.35,5013170000
22-08-2011,1123.55,1145.49,1121.09,1123.82,1123.82,5436260000
19-08-2011,1140.47,1154.54,1122.05,1123.53,1123.53,5167560000
18-08-2011,1189.62,1189.62,1131.03,1140.65,1140.65,3234810000
17-08-2011,1192.89,1208.47,1184.36,1193.89,1193.89,4388340000
16-08-2011,1204.22,1204.22,1180.53,1192.76,1192.76,5071600000
15-08-2011,1178.86,1204.49,1178.86,1204.49,1204.49,4272850000
12/8/2011,1172.87,1189.04,1170.74,1178.81,1178.81,5640380000
11/8/2011,1121.3,1186.29,1121.3,1172.64,1172.64,3685050000
10/8/2011,1171.77,1171.77,1118.01,1120.76,1120.76,5018070000
9/8/2011,1120.23,1172.88,1101.54,1172.53,1172.53,2366660000
8/8/2011,1198.48,1198.48,1119.28,1119.46,1119.46,2615150000
5/8/2011,1200.28,1218.11,1168.09,1199.38,1199.38,5454590000
4/8/2011,1260.23,1260.23,1199.54,1200.07,1200.07,4266530000
3/8/2011,1254.25,1261.2,1234.56,1260.34,1260.34,6446940000
2/8/2011,1286.56,1286.56,1254.03,1254.05,1254.05,5206290000
1/8/2011,1292.59,1307.38,1274.73,1286.94,1286.94,4967390000
29-07-2011,1300.12,1304.16,1282.86,1292.28,1292.28,5061190000
28-07-2011,1304.84,1316.32,1299.16,1300.67,1300.67,4951800000
27-07-2011,1331.91,1331.91,1303.49,1304.89,1304.89,3479040000
26-07-2011,1337.39,1338.51,1329.59,1331.94,1331.94,4007050000
25-07-2011,1344.32,1344.32,1331.09,1337.43,1337.43,3536890000
22-07-2011,1343.8,1346.1,1336.95,1345.02,1345.02,3522830000
21-07-2011,1325.65,1347,1325.65,1343.8,1343.8,4837430000
20-07-2011,1328.66,1330.43,1323.65,1325.84,1325.84,3767420000
19-07-2011,1307.07,1328.14,1307.07,1326.73,1326.73,4304600000
18-07-2011,1315.94,1315.94,1295.92,1305.44,1305.44,4118160000
15-07-2011,1308.87,1317.7,1307.52,1316.14,1316.14,4242760000
14-07-2011,1317.74,1326.88,1306.51,1308.87,1308.87,4358570000
13-07-2011,1314.45,1331.48,1314.45,1317.72,1317.72,4060080000
12/7/2011,1319.61,1327.17,1313.33,1313.64,1313.64,4227890000
11/7/2011,1343.31,1343.31,1316.42,1319.49,1319.49,3879130000
8/7/2011,1352.39,1352.39,1333.71,1343.8,1343.8,3594360000
7/7/2011,1339.62,1356.48,1339.62,1353.22,1353.22,4069530000
6/7/2011,1337.56,1340.94,1330.92,1339.22,1339.22,3564190000
5/7/2011,1339.59,1340.89,1334.3,1337.88,1337.88,3722320000
1/7/2011,1320.64,1341.01,1318.18,1339.67,1339.67,3796930000
30-06-2011,1307.64,1321.97,1307.64,1320.64,1320.64,4200500000
29-06-2011,1296.85,1309.21,1296.85,1307.41,1307.41,4347540000
28-06-2011,1280.21,1296.8,1280.21,1296.67,1296.67,3681500000
27-06-2011,1268.44,1284.91,1267.53,1280.1,1280.1,3479070000
24-06-2011,1283.04,1283.93,1267.24,1268.45,1268.45,3665340000
23-06-2011,1286.6,1286.6,1262.87,1283.5,1283.5,4983450000
22-06-2011,1295.48,1298.61,1286.79,1287.14,1287.14,3718420000
21-06-2011,1278.4,1297.62,1278.4,1295.52,1295.52,4056150000
20-06-2011,1271.5,1280.42,1267.56,1278.36,1278.36,3464660000
17-06-2011,1268.58,1279.82,1267.4,1271.5,1271.5,4916460000
16-06-2011,1265.53,1274.11,1258.07,1267.64,1267.64,3846250000
15-06-2011,1287.87,1287.87,1261.9,1265.42,1265.42,4070500000
14-06-2011,1272.22,1292.5,1272.22,1287.87,1287.87,3500280000
13-06-2011,1271.31,1277.04,1265.64,1271.83,1271.83,4132520000
10/6/2011,1288.6,1288.6,1268.28,1270.98,1270.98,3846250000
9/6/2011,1279.63,1294.54,1279.63,1289,1289,3332510000
8/6/2011,1284.63,1287.04,1277.42,1279.56,1279.56,3970810000
7/6/2011,1286.31,1296.22,1284.74,1284.94,1284.94,3846250000
6/6/2011,1300.26,1300.26,1284.72,1286.17,1286.17,3555980000
3/6/2011,1312.94,1312.94,1297.9,1300.16,1300.16,3505030000
2/6/2011,1314.55,1318.03,1305.61,1312.94,1312.94,3762170000
1/6/2011,1345.2,1345.2,1313.71,1314.55,1314.55,4241090000
31-05-2011,1331.1,1345.2,1331.1,1345.2,1345.2,4696240000
27-05-2011,1325.69,1334.62,1325.69,1331.1,1331.1,3124560000
26-05-2011,1320.64,1328.51,1314.41,1325.69,1325.69,3259470000
25-05-2011,1316.36,1325.86,1311.8,1320.47,1320.47,4109670000
24-05-2011,1317.7,1323.72,1313.87,1316.28,1316.28,3846250000
23-05-2011,1333.07,1333.07,1312.88,1317.37,1317.37,3255580000
20-05-2011,1342,1342,1330.67,1333.27,1333.27,4066020000
19-05-2011,1342.4,1346.82,1336.36,1343.6,1343.6,3626110000
18-05-2011,1328.54,1341.82,1326.59,1340.68,1340.68,3922030000
17-05-2011,1326.1,1330.42,1318.51,1328.98,1328.98,4053970000
16-05-2011,1334.77,1343.33,1327.32,1329.47,1329.47,3846250000
13-05-2011,1348.69,1350.47,1333.36,1337.77,1337.77,3426660000
12/5/2011,1339.39,1351.05,1332.03,1348.65,1348.65,3777210000
11/5/2011,1354.51,1354.51,1336.36,1342.08,1342.08,3846250000
10/5/2011,1348.34,1359.44,1348.34,1357.16,1357.16,4223740000
9/5/2011,1340.2,1349.44,1338.64,1346.29,1346.29,4265250000
6/5/2011,1340.24,1354.36,1335.58,1340.2,1340.2,4223740000
5/5/2011,1344.16,1348,1329.17,1335.1,1335.1,3846250000
4/5/2011,1355.9,1355.9,1341.5,1347.32,1347.32,4223740000
3/5/2011,1359.76,1360.84,1349.52,1356.62,1356.62,4223740000
2/5/2011,1365.21,1370.58,1358.59,1361.22,1361.22,3846250000
29-04-2011,1360.14,1364.56,1358.69,1363.61,1363.61,3479070000
28-04-2011,1353.86,1361.71,1353.6,1360.48,1360.48,4036820000
27-04-2011,1348.43,1357.49,1344.25,1355.66,1355.66,4051570000
26-04-2011,1336.75,1349.55,1336.75,1347.24,1347.24,3908060000
25-04-2011,1337.14,1337.55,1331.47,1335.25,1335.25,2142130000
21-04-2011,1333.23,1337.49,1332.83,1337.38,1337.38,3587240000
20-04-2011,1319.12,1332.66,1319.12,1330.36,1330.36,4236280000
19-04-2011,1305.99,1312.7,1303.97,1312.62,1312.62,3886300000
18-04-2011,1313.35,1313.35,1294.7,1305.14,1305.14,4223740000
15-04-2011,1314.54,1322.88,1313.68,1319.68,1319.68,4223740000
14-04-2011,1311.13,1316.79,1302.42,1314.52,1314.52,3872630000
13-04-2011,1314.03,1321.35,1309.19,1314.41,1314.41,3850860000
12/4/2011,1321.96,1321.96,1309.51,1314.16,1314.16,4275490000
11/4/2011,1329.01,1333.77,1321.06,1324.46,1324.46,3478970000
8/4/2011,1336.16,1339.46,1322.94,1328.17,1328.17,3582810000
7/4/2011,1334.82,1338.8,1326.56,1333.51,1333.51,4005600000
6/4/2011,1335.94,1339.38,1331.09,1335.54,1335.54,4223740000
5/4/2011,1332.03,1338.21,1330.03,1332.63,1332.63,3852280000
4/4/2011,1333.56,1336.74,1329.1,1332.87,1332.87,4223740000
1/4/2011,1329.48,1337.85,1328.89,1332.41,1332.41,4223740000
31-03-2011,1327.44,1329.77,1325.03,1325.83,1325.83,3566270000
30-03-2011,1321.89,1331.74,1321.89,1328.26,1328.26,3809570000
29-03-2011,1309.37,1319.45,1305.26,1319.44,1319.44,3482580000
28-03-2011,1315.45,1319.74,1310.19,1310.19,1310.19,3215170000
25-03-2011,1311.8,1319.18,1310.15,1313.8,1313.8,4223740000
24-03-2011,1300.61,1311.34,1297.74,1309.66,1309.66,4223740000
23-03-2011,1292.19,1300.51,1284.05,1297.54,1297.54,3842350000
22-03-2011,1298.29,1299.35,1292.7,1293.77,1293.77,3576550000
21-03-2011,1281.65,1300.58,1281.65,1298.38,1298.38,4223730000
18-03-2011,1276.71,1288.88,1276.18,1279.21,1279.21,4685500000
17-03-2011,1261.61,1278.88,1261.61,1273.72,1273.72,4134950000
16-03-2011,1279.46,1280.91,1249.05,1256.88,1256.88,5833000000
15-03-2011,1288.46,1288.46,1261.12,1281.87,1281.87,5201400000
14-03-2011,1301.19,1301.19,1286.37,1296.39,1296.39,4050370000
11/3/2011,1293.43,1308.35,1291.99,1304.28,1304.28,3740400000
10/3/2011,1315.72,1315.72,1294.21,1295.11,1295.11,4723020000
9/3/2011,1319.92,1323.21,1312.27,1320.02,1320.02,3709520000
8/3/2011,1311.05,1325.74,1306.86,1321.82,1321.82,4531420000
7/3/2011,1322.72,1327.68,1303.99,1310.13,1310.13,3964730000
4/3/2011,1330.73,1331.08,1312.59,1321.15,1321.15,4223740000
3/3/2011,1312.37,1332.28,1312.37,1330.97,1330.97,4340470000
2/3/2011,1305.47,1314.19,1302.58,1308.44,1308.44,1025000000
1/3/2011,1328.64,1332.09,1306.14,1306.33,1306.33,1180420000
28-02-2011,1321.61,1329.38,1320.55,1327.22,1327.22,1252850000
25-02-2011,1307.34,1320.61,1307.34,1319.88,1319.88,3836030000
24-02-2011,1307.09,1310.91,1294.26,1306.1,1306.1,1222900000
23-02-2011,1315.44,1317.91,1299.55,1307.4,1307.4,1330340000
22-02-2011,1338.91,1338.91,1312.33,1315.44,1315.44,1322780000
18-02-2011,1340.38,1344.07,1338.12,1343.01,1343.01,1162310000
17-02-2011,1334.37,1341.5,1331,1340.43,1340.43,1966450000
16-02-2011,1329.51,1337.61,1329.51,1336.32,1336.32,1966450000
15-02-2011,1330.43,1330.43,1324.61,1328.01,1328.01,3926860000
14-02-2011,1328.73,1332.96,1326.9,1332.32,1332.32,3567040000
11/2/2011,1318.66,1330.79,1316.08,1329.15,1329.15,4219300000
10/2/2011,1318.13,1322.78,1311.74,1321.87,1321.87,4184610000
9/2/2011,1322.48,1324.54,1314.89,1320.88,1320.88,3922240000
8/2/2011,1318.76,1324.87,1316.03,1324.57,1324.57,3881530000
7/2/2011,1311.85,1322.85,1311.85,1319.05,1319.05,3902270000
4/2/2011,1307.01,1311,1301.67,1310.87,1310.87,3925950000
3/2/2011,1302.77,1308.6,1294.83,1307.1,1307.1,4370990000
2/2/2011,1305.91,1307.61,1302.62,1304.03,1304.03,4098260000
1/2/2011,1289.14,1308.86,1289.14,1307.59,1307.59,5164500000
31-01-2011,1276.5,1287.17,1276.5,1286.12,1286.12,4167160000
28-01-2011,1299.63,1302.67,1275.1,1276.34,1276.34,5618630000
27-01-2011,1297.51,1301.29,1294.41,1299.54,1299.54,4309190000
26-01-2011,1291.97,1299.74,1291.97,1296.63,1296.63,4730980000
25-01-2011,1288.17,1291.26,1281.07,1291.18,1291.18,4595380000
24-01-2011,1283.29,1291.93,1282.47,1290.84,1290.84,3902470000
21-01-2011,1283.63,1291.21,1282.07,1283.35,1283.35,4935320000
20-01-2011,1280.85,1283.35,1271.26,1280.26,1280.26,4935320000
19-01-2011,1294.52,1294.6,1278.92,1281.92,1281.92,4743710000
18-01-2011,1293.22,1296.06,1290.16,1295.02,1295.02,5284990000
14-01-2011,1282.9,1293.24,1281.24,1293.24,1293.24,4661590000
13-01-2011,1285.78,1286.7,1280.47,1283.76,1283.76,4310840000
12/1/2011,1275.65,1286.87,1275.65,1285.96,1285.96,4226940000
11/1/2011,1272.58,1277.25,1269.62,1274.48,1274.48,4050750000
10/1/2011,1270.84,1271.52,1262.18,1269.75,1269.75,4036450000
7/1/2011,1274.41,1276.83,1261.7,1271.5,1271.5,4963110000
6/1/2011,1276.29,1278.17,1270.43,1273.85,1273.85,4844100000
5/1/2011,1268.78,1277.63,1265.36,1276.56,1276.56,4764920000
4/1/2011,1272.95,1274.12,1262.66,1270.2,1270.2,4796420000
3/1/2011,1257.62,1276.17,1257.62,1271.87,1271.87,4286670000
31-12-2010,1256.76,1259.34,1254.19,1257.64,1257.64,1799770000
